field,title,link,desc
Platforms,Node.js,https://github.com/sindresorhus/awesome-nodejs#readme,Async non-blocking event-driven JavaScript runtime built on Chrome's V8 JavaScript engine.
Platforms,Frontend Development,https://github.com/dypsilon/frontend-dev-bookmarks#readme,Frontend Development
Platforms,iOS,https://github.com/vsouza/awesome-ios#readme,Mobile operating system for Apple phones and tablets.
Platforms,Android,https://github.com/JStumpp/awesome-android#readme,Mobile operating system developed by Google.
Platforms,IoT & Hybrid Apps,https://github.com/weblancaster/awesome-IoT-hybrid#readme,IoT & Hybrid Apps
Platforms,Electron,https://github.com/sindresorhus/awesome-electron#readme,Cross-platform native desktop apps using JavaScript/HTML/CSS.
Platforms,Cordova,https://github.com/busterc/awesome-cordova#readme,JavaScript API for hybrid apps.
Platforms,React Native,https://github.com/jondot/awesome-react-native#readme,JavaScript framework for writing natively rendering mobile apps for iOS and Android.
Platforms,Xamarin,https://github.com/XamSome/awesome-xamarin#readme,"Mobile app development IDE, testing, and distribution."
Platforms,Linux,https://github.com/inputsh/awesome-linux#readme,Linux
Platforms,watchOS,https://github.com/yenchenlin/awesome-watchos#readme,Operating system for the Apple Watch.
Platforms,JVM,https://github.com/deephacks/awesome-jvm#readme,JVM
Platforms,Salesforce,https://github.com/mailtoharshit/awesome-salesforce#readme,Salesforce
Platforms,Amazon Web Services,https://github.com/donnemartin/awesome-aws#readme,Amazon Web Services
Platforms,Windows,https://github.com/Awesome-Windows/Awesome#readme,Windows
Platforms,IPFS,https://github.com/ipfs/awesome-ipfs#readme,P2P hypermedia protocol.
Platforms,Fuse,https://github.com/fuse-compound/awesome-fuse#readme,Mobile development tools.
Platforms,Heroku,https://github.com/ianstormtaylor/awesome-heroku#readme,Cloud platform as a service.
Platforms,Raspberry Pi,https://github.com/thibmaek/awesome-raspberry-pi#readme,"Credit card-sized computer aimed at teaching kids programming, but capable of a lot more."
Platforms,Qt,https://github.com/JesseTG/awesome-qt#readme,Cross-platform GUI app framework.
Platforms,WebExtensions,https://github.com/fregante/Awesome-WebExtensions#readme,Cross-browser extension system.
Platforms,Smart TV,https://github.com/vitalets/awesome-smart-tv#readme,Create apps for different TV platforms.
Platforms,GNOME,https://github.com/Kazhnuz/awesome-gnome#readme,Simple and distraction-free desktop environment for Linux.
Platforms,KDE,https://github.com/francoism90/awesome-kde#readme,A free software community dedicated to creating an open and user-friendly computing experience.
Platforms,.NET,https://github.com/quozd/awesome-dotnet#readme,.NET
Platforms,Amazon Alexa,https://github.com/miguelmota/awesome-amazon-alexa#readme,Virtual home assistant.
Platforms,DigitalOcean,https://github.com/jonleibowitz/awesome-digitalocean#readme,Cloud computing platform designed for developers.
Platforms,Flutter,https://github.com/Solido/awesome-flutter#readme,Google's mobile SDK for building native iOS and Android apps from a single codebase written in Dart.
Platforms,Home Assistant,https://github.com/frenck/awesome-home-assistant#readme,Open source home automation that puts local control and privacy first.
Platforms,IBM Cloud,https://github.com/victorshinya/awesome-ibmcloud#readme,Cloud platform for developers and companies.
Platforms,Firebase,https://github.com/jthegedus/awesome-firebase#readme,App development platform built on Google Cloud Platform.
Platforms,Robot Operating System 2.0,https://github.com/fkromer/awesome-ros2#readme,Set of software libraries and tools that help you build robot apps.
Platforms,Adafruit IO,https://github.com/adafruit/awesome-adafruitio#readme,Visualize and store data from any device.
Platforms,Cloudflare,https://github.com/irazasyed/awesome-cloudflare#readme,"CDN, DNS, DDoS protection, and security for your site."
Platforms,Actions on Google,https://github.com/ravirupareliya/awesome-actions-on-google#readme,Developer platform for Google Assistant.
Platforms,ESP,https://github.com/agucova/awesome-esp#readme,Low-cost microcontrollers with WiFi and broad IoT applications.
Platforms,Deno,https://github.com/denolib/awesome-deno#readme,A secure runtime for JavaScript and TypeScript that uses V8 and is built in Rust.
Platforms,DOS,https://github.com/balintkissdev/awesome-dos#readme,Operating system for x86-based personal computers that was popular during the 1980s and early 1990s.
Platforms,Nix,https://github.com/nix-community/awesome-nix#readme,Package manager for Linux and other Unix systems that makes package management reliable and reproducible.
Platforms,Integration,https://github.com/stn1slv/awesome-integration#readme,Linking together different IT systems (components) to functionally cooperate as a whole.
Platforms,Node-RED,https://github.com/naimo84/awesome-nodered#readme,"A programming tool for wiring together hardware devices, APIs, and online services."
Platforms,Low Code,https://github.com/zenitysec/awesome-low-code#readme,Allowing business professionals to address their needs on their own with little to no coding skills.
Platforms,Capacitor,https://github.com/riderx/awesome-capacitor#readme,Cross-platform open source runtime for building Web Native apps.
Platforms,ArcGIS Developer,https://github.com/Esri/awesome-arcgis-developer#readme,Mapping and location analysis platform for developers.
Programming Languages,JavaScript,https://github.com/sorrycc/awesome-javascript#readme,JavaScript
Programming Languages,Swift,https://github.com/matteocrippa/awesome-swift#readme,"Apple's compiled programming language that is secure, modern, programmer-friendly, and fast."
Programming Languages,Python,https://github.com/vinta/awesome-python#readme,General-purpose programming language designed for readability.
Programming Languages,Rust,https://github.com/rust-unofficial/awesome-rust#readme,Rust
Programming Languages,Haskell,https://github.com/krispo/awesome-haskell#readme,Haskell
Programming Languages,PureScript,https://github.com/passy/awesome-purescript#readme,PureScript
Programming Languages,Go,https://github.com/avelino/awesome-go#readme,Go
Programming Languages,Scala,https://github.com/lauris/awesome-scala#readme,Scala
Programming Languages,Ruby,https://github.com/markets/awesome-ruby#readme,Ruby
Programming Languages,Clojure,https://github.com/razum2um/awesome-clojure#readme,Clojure
Programming Languages,ClojureScript,https://github.com/hantuzun/awesome-clojurescript#readme,ClojureScript
Programming Languages,Elixir,https://github.com/h4cc/awesome-elixir#readme,Elixir
Programming Languages,Elm,https://github.com/sporto/awesome-elm#readme,Elm
Programming Languages,Erlang,https://github.com/drobakowski/awesome-erlang#readme,Erlang
Programming Languages,Julia,https://github.com/svaksha/Julia.jl#readme,High-level dynamic programming language designed to address the needs of high-performance numerical analysis and computational science.
Programming Languages,Lua,https://github.com/LewisJEllis/awesome-lua#readme,Lua
Programming Languages,C,https://github.com/inputsh/awesome-c#readme,C
Programming Languages,C/C++,https://github.com/fffaraz/awesome-cpp#readme,"General-purpose language with a bias toward system programming and embedded, resource-constrained software."
Programming Languages,R,https://github.com/qinwf/awesome-R#readme,Functional programming language and environment for statistical computing and graphics.
Programming Languages,D,https://github.com/dlang-community/awesome-d#readme,D
Programming Languages,Common Lisp,https://github.com/CodyReichert/awesome-cl#readme,Powerful dynamic multiparadigm language that facilitates iterative and interactive development.
Programming Languages,Perl,https://github.com/hachiojipm/awesome-perl#readme,Perl
Programming Languages,Groovy,https://github.com/kdabir/awesome-groovy#readme,Groovy
Programming Languages,Dart,https://github.com/yissachar/awesome-dart#readme,Dart
Programming Languages,Java,https://github.com/akullpp/awesome-java#readme,"Popular secure object-oriented language designed for flexibility to ""write once, run anywhere""."
Programming Languages,Kotlin,https://github.com/KotlinBy/awesome-kotlin#readme,Kotlin
Programming Languages,OCaml,https://github.com/ocaml-community/awesome-ocaml#readme,OCaml
Programming Languages,ColdFusion,https://github.com/seancoyne/awesome-coldfusion#readme,ColdFusion
Programming Languages,Fortran,https://github.com/rabbiabram/awesome-fortran#readme,Fortran
Programming Languages,PHP,https://github.com/ziadoz/awesome-php#readme,Server-side scripting language.
Programming Languages,Pascal,https://github.com/Fr0sT-Brutal/awesome-pascal#readme,Pascal
Programming Languages,AutoHotkey,https://github.com/ahkscript/awesome-AutoHotkey#readme,AutoHotkey
Programming Languages,AutoIt,https://github.com/J2TeaM/awesome-AutoIt#readme,AutoIt
Programming Languages,Crystal,https://github.com/veelenga/awesome-crystal#readme,Crystal
Programming Languages,Frege,https://github.com/sfischer13/awesome-frege#readme,Haskell for the JVM.
Programming Languages,CMake,https://github.com/onqtam/awesome-cmake#readme,"Build, test, and package software."
Programming Languages,ActionScript 3,https://github.com/robinrodricks/awesome-actionscript3#readme,Object-oriented language targeting Adobe AIR.
Programming Languages,Eta,https://github.com/sfischer13/awesome-eta#readme,Functional programming language for the JVM.
Programming Languages,Idris,https://github.com/joaomilho/awesome-idris#readme,General purpose pure functional programming language with dependent types influenced by Haskell and ML.
Programming Languages,Ada/SPARK,https://github.com/ohenley/awesome-ada#readme,"Modern programming language designed for large, long-lived apps where reliability and efficiency are essential."
Programming Languages,Q#,https://github.com/ebraminio/awesome-qsharp#readme,Domain-specific programming language used for expressing quantum algorithms.
Programming Languages,Imba,https://github.com/koolamusic/awesome-imba#readme,Programming language inspired by Ruby and Python and compiles to performant JavaScript.
Programming Languages,Vala,https://github.com/desiderantes/awesome-vala#readme,"Programming language designed to take full advantage of the GLib and GNOME ecosystems, while preserving the speed of C code."
Programming Languages,Coq,https://github.com/coq-community/awesome-coq#readme,Formal language and environment for programming and specification which facilitates interactive development of machine-checked proofs.
Programming Languages,V,https://github.com/vlang/awesome-v#readme,"Simple, fast, safe, compiled language for developing maintainable software."
Programming Languages,Zig,https://github.com/catdevnull/awesome-zig#readme,"General-purpose programming language and toolchain for maintaining robust, optimal, and reusable software."
Programming Languages,Move,https://github.com/MystenLabs/awesome-move#readme,Domain-specific programming language for writing safe smart contracts.
Programming Languages,Esolangs,https://github.com/angrykoala/awesome-esolangs#readme,Programming languages designed for experimentation or as jokes rather than actual use.
Front-End Development,ES6 Tools,https://github.com/addyosmani/es6-tools#readme,ES6 Tools
Front-End Development,Web Performance Optimization,https://github.com/davidsonfellipe/awesome-wpo#readme,Web Performance Optimization
Front-End Development,Web Tools,https://github.com/lvwzhen/tools#readme,Web Tools
Front-End Development,CSS,https://github.com/awesome-css-group/awesome-css#readme,Style sheet language that specifies how HTML elements are displayed on screen.
Front-End Development,React,https://github.com/enaqx/awesome-react#readme,JavaScript library for building user interfaces.
Front-End Development,Web Components,https://github.com/web-padawan/awesome-web-components#readme,Web Components
Front-End Development,Polymer,https://github.com/Granze/awesome-polymer#readme,JavaScript library to develop Web Components.
Front-End Development,Angular,https://github.com/PatrickJS/awesome-angular#readme,App framework.
Front-End Development,Backbone,https://github.com/sadcitizen/awesome-backbone#readme,App framework.
Front-End Development,HTML5,https://github.com/diegocard/awesome-html5#readme,Markup language used for websites & web apps.
Front-End Development,SVG,https://github.com/willianjusten/awesome-svg#readme,XML-based vector image format.
Front-End Development,Canvas,https://github.com/raphamorim/awesome-canvas#readme,Canvas
Front-End Development,KnockoutJS,https://github.com/dnbard/awesome-knockout#readme,JavaScript library.
Front-End Development,Dojo Toolkit,https://github.com/petk/awesome-dojo#readme,JavaScript toolkit.
Front-End Development,Inspiration,https://github.com/NoahBuscher/Inspire#readme,Inspiration
Front-End Development,Ember,https://github.com/ember-community-russia/awesome-ember#readme,App framework.
Front-End Development,Android UI,https://github.com/wasabeef/awesome-android-ui#readme,Android UI
Front-End Development,iOS UI,https://github.com/cjwirth/awesome-ios-ui#readme,iOS UI
Front-End Development,Meteor,https://github.com/Urigo/awesome-meteor#readme,Meteor
Front-End Development,BEM,https://github.com/sturobson/BEM-resources#readme,BEM
Front-End Development,Flexbox,https://github.com/afonsopacifer/awesome-flexbox#readme,Flexbox
Front-End Development,Web Typography,https://github.com/deanhume/typography#readme,Web Typography
Front-End Development,Web Accessibility,https://github.com/brunopulis/awesome-a11y#readme,Web Accessibility
Front-End Development,Material Design,https://github.com/sachin1092/awesome-material#readme,Material Design
Front-End Development,D3,https://github.com/wbkd/awesome-d3#readme,"Library for producing dynamic, interactive data visualizations."
Front-End Development,Emails,https://github.com/jonathandion/awesome-emails#readme,Emails
Front-End Development,jQuery,https://github.com/petk/awesome-jquery#readme,Easy to use JavaScript library for DOM manipulation.
Front-End Development,Web Audio,https://github.com/notthetup/awesome-webaudio#readme,Web Audio
Front-End Development,Offline-First,https://github.com/pazguille/offline-first#readme,Offline-First
Front-End Development,Static Website Services,https://github.com/agarrharr/awesome-static-website-services#readme,Static Website Services
Front-End Development,Cycle.js,https://github.com/cyclejs-community/awesome-cyclejs#readme,Functional and reactive JavaScript framework.
Front-End Development,Text Editing,https://github.com/dok/awesome-text-editing#readme,Text Editing
Front-End Development,Motion UI Design,https://github.com/fliptheweb/motion-ui-design#readme,Motion UI Design
Front-End Development,Vue.js,https://github.com/vuejs/awesome-vue#readme,App framework.
Front-End Development,Marionette.js,https://github.com/sadcitizen/awesome-marionette#readme,App framework.
Front-End Development,Aurelia,https://github.com/aurelia-contrib/awesome-aurelia#readme,App framework.
Front-End Development,Charting,https://github.com/zingchart/awesome-charting#readme,Charting
Front-End Development,Ionic Framework 2,https://github.com/candelibas/awesome-ionic#readme,Ionic Framework 2
Front-End Development,Chrome DevTools,https://github.com/ChromeDevTools/awesome-chrome-devtools#readme,Chrome DevTools
Front-End Development,PostCSS,https://github.com/jdrgomes/awesome-postcss#readme,CSS tool.
Front-End Development,Draft.js,https://github.com/nikgraf/awesome-draft-js#readme,Rich text editor framework for React.
Front-End Development,Service Workers,https://github.com/TalAter/awesome-service-workers#readme,Service Workers
Front-End Development,Progressive Web Apps,https://github.com/TalAter/awesome-progressive-web-apps#readme,Progressive Web Apps
Front-End Development,choo,https://github.com/choojs/awesome-choo#readme,App framework.
Front-End Development,Redux,https://github.com/brillout/awesome-redux#readme,State container for JavaScript apps.
Front-End Development,Browserify,https://github.com/browserify/awesome-browserify#readme,Module bundler.
Front-End Development,Sass,https://github.com/Famolus/awesome-sass#readme,CSS preprocessor.
Front-End Development,Ant Design,https://github.com/websemantics/awesome-ant-design#readme,Enterprise-class UI design language.
Front-End Development,Less,https://github.com/LucasBassetti/awesome-less#readme,CSS preprocessor.
Front-End Development,WebGL,https://github.com/sjfricke/awesome-webgl#readme,JavaScript API for rendering 3D graphics.
Front-End Development,Preact,https://github.com/preactjs/awesome-preact#readme,App framework.
Front-End Development,Progressive Enhancement,https://github.com/jbmoelker/progressive-enhancement-resources#readme,Progressive Enhancement
Front-End Development,Next.js,https://github.com/unicodeveloper/awesome-nextjs#readme,Framework for server-rendered React apps.
Front-End Development,lit,https://github.com/web-padawan/awesome-lit#readme,Library for building web components with a declarative template system.
Front-End Development,JAMstack,https://github.com/automata/awesome-jamstack#readme,"Modern web development architecture based on client-side JavaScript, reusable APIs, and prebuilt markup."
Front-End Development,WordPress-Gatsby,https://github.com/henrikwirth/awesome-wordpress-gatsby#readme,Web development technology stack with WordPress as a back end and Gatsby as a front end.
Front-End Development,Mobile Web Development,https://github.com/myshov/awesome-mobile-web-development#readme,Creating a great mobile web experience.
Front-End Development,Storybook,https://github.com/lauthieb/awesome-storybook#readme,Development environment for UI components.
Front-End Development,Blazor,https://github.com/AdrienTorris/awesome-blazor#readme,.NET web framework using C#/Razor and HTML that runs in the browser with WebAssembly.
Front-End Development,PageSpeed Metrics,https://github.com/csabapalfi/awesome-pagespeed-metrics#readme,Metrics to help understand page speed and user experience.
Front-End Development,Tailwind CSS,https://github.com/aniftyco/awesome-tailwindcss#readme,Utility-first CSS framework for rapid UI development.
Front-End Development,Seed,https://github.com/seed-rs/awesome-seed-rs#readme,Rust framework for creating web apps running in WebAssembly.
Front-End Development,Web Performance Budget,https://github.com/pajaydev/awesome-web-performance-budget#readme,Techniques to ensure certain performance metrics for a website.
Front-End Development,Web Animation,https://github.com/sergey-pimenov/awesome-web-animation#readme,"Animations in the browser with JavaScript, CSS, SVG, etc."
Front-End Development,Yew,https://github.com/jetli/awesome-yew#readme,Rust framework inspired by Elm and React for creating multi-threaded frontend web apps with WebAssembly.
Front-End Development,Material-UI,https://github.com/nadunindunil/awesome-material-ui#readme,Material Design React components for faster and easier web development.
Front-End Development,Building Blocks for Web Apps,https://github.com/componently-com/awesome-building-blocks-for-web-apps#readme,Standalone features to be integrated into web apps.
Front-End Development,Svelte,https://github.com/TheComputerM/awesome-svelte#readme,App framework.
Front-End Development,Design systems,https://github.com/klaufel/awesome-design-systems#readme,"Collection of reusable components, guided by rules that ensure consistency and speed."
Front-End Development,Inertia.js,https://github.com/innocenzi/awesome-inertiajs#readme,Make single-page apps without building an API.
Front-End Development,MDBootstrap,https://github.com/mdbootstrap/awesome-mdbootstrap#readme,"Templates, layouts, components, and widgets to rapidly build websites."
Front-End Development,Master CSS,https://github.com/master-co/awesome-master-css#readme,A virtual CSS language with enhanced syntax.
Front-End Development,Hydrogen,https://github.com/shopify/awesome-hydrogen#readme,Edge-first framework for building Shopify storefronts with React.
Front-End Development,Tiny JS,https://github.com/thoughtspile/awesome-tiny-js#readme,Frontend libraries that fit into 2 kB with dependencies.
Back-End Development,Flask,https://github.com/mjhea0/awesome-flask#readme,Python framework.
Back-End Development,Docker,https://github.com/veggiemonk/awesome-docker#readme,Docker
Back-End Development,Vagrant,https://github.com/iJackUA/awesome-vagrant#readme,Automation virtual machine environment.
Back-End Development,Pyramid,https://github.com/uralbash/awesome-pyramid#readme,Python framework.
Back-End Development,Play1 Framework,https://github.com/PerfectCarl/awesome-play1#readme,Play1 Framework
Back-End Development,CakePHP,https://github.com/friendsofcake/awesome-cakephp#readme,PHP framework.
Back-End Development,Symfony,https://github.com/sitepoint-editors/awesome-symfony#readme,PHP framework.
Back-End Development,Laravel,https://github.com/chiraggude/awesome-laravel#readme,PHP framework.
Back-End Development,Rails,https://github.com/gramantin/awesome-rails#readme,Web app framework for Ruby.
Back-End Development,Phalcon,https://github.com/phalcon/awesome-phalcon#readme,PHP framework.
Back-End Development,Useful `.htaccess` Snippets,https://github.com/phanan/htaccess#readme,Useful `.htaccess` Snippets
Back-End Development,nginx,https://github.com/fcambus/nginx-resources#readme,Web server.
Back-End Development,Dropwizard,https://github.com/stve/awesome-dropwizard#readme,Java framework.
Back-End Development,Kubernetes,https://github.com/ramitsurana/awesome-kubernetes#readme,Open-source platform that automates Linux container operations.
Back-End Development,Lumen,https://github.com/unicodeveloper/awesome-lumen#readme,PHP micro-framework.
Back-End Development,Serverless Framework,https://github.com/pmuens/awesome-serverless#readme,Serverless computing and serverless architectures.
Back-End Development,Apache Wicket,https://github.com/PhantomYdn/awesome-wicket#readme,Java web app framework.
Back-End Development,Vert.x,https://github.com/vert-x3/vertx-awesome#readme,Toolkit for building reactive apps on the JVM.
Back-End Development,Terraform,https://github.com/shuaibiyy/awesome-terraform#readme,"Tool for building, changing, and versioning infrastructure."
Back-End Development,Vapor,https://github.com/vapor-community/awesome-vapor#readme,Server-side development in Swift.
Back-End Development,Dash,https://github.com/ucg8j/awesome-dash#readme,Python web app framework.
Back-End Development,FastAPI,https://github.com/mjhea0/awesome-fastapi#readme,Python web app framework.
Back-End Development,CDK,https://github.com/kolomied/awesome-cdk#readme,Open-source software development framework for defining cloud infrastructure in code.
Back-End Development,IAM,https://github.com/kdeldycke/awesome-iam#readme,"User accounts, authentication and authorization."
Back-End Development,Slim,https://github.com/nekofar/awesome-slim#readme,PHP framework.
Back-End Development,Fiber,https://github.com/gofiber/awesome-fiber#readme,"Web framework built on top of Fasthttp, the fastest HTTP engine for Go."
Computer Science,University Courses,https://github.com/prakhar1989/awesome-courses#readme,University Courses
Computer Science,Data Science,https://github.com/academic/awesome-datascience#readme,Data Science
Computer Science,Machine Learning,https://github.com/josephmisiti/awesome-machine-learning#readme,Machine Learning
Computer Science,Speech and Natural Language Processing,https://github.com/edobashira/speech-language-processing#readme,Speech and Natural Language Processing
Computer Science,Linguistics,https://github.com/theimpossibleastronaut/awesome-linguistics#readme,Linguistics
Computer Science,Cryptography,https://github.com/sobolevn/awesome-cryptography#readme,Cryptography
Computer Science,Computer Vision,https://github.com/jbhuang0604/awesome-computer-vision#readme,Computer Vision
Computer Science,Deep Learning,https://github.com/ChristosChristofidis/awesome-deep-learning#readme,Neural networks.
Computer Science,Deep Vision,https://github.com/kjw0612/awesome-deep-vision#readme,Deep Vision
Computer Science,Open Source Society University,https://github.com/ossu/computer-science#readme,Open Source Society University
Computer Science,Functional Programming,https://github.com/lucasviola/awesome-functional-programming#readme,Functional Programming
Computer Science,Empirical Software Engineering,https://github.com/dspinellis/awesome-msr#readme,Evidence-based research on software systems.
Computer Science,Static Analysis & Code Quality,https://github.com/analysis-tools-dev/static-analysis#readme,Static Analysis & Code Quality
Computer Science,Information Retrieval,https://github.com/harpribot/awesome-information-retrieval#readme,Learn to develop your own search engine.
Computer Science,Quantum Computing,https://github.com/desireevl/awesome-quantum-computing#readme,Computing which utilizes quantum mechanics and qubits on quantum computers.
Computer Science,Theoretical Computer Science,https://github.com/mostafatouny/awesome-theoretical-computer-science#readme,"The interplay of computer science and pure mathematics, distinguished by its emphasis on mathematical rigour and technique."
Computer Science,Conversational AI,https://github.com/jyguyomarch/awesome-conversational-ai#readme,Build awesome chatbots and digital assistants.
Computer Science,Generative AI,https://github.com/steven2358/awesome-generative-ai#readme,"Automatically generate a wide range of unique content in text, image and audio format."
Big Data,Big Data,https://github.com/0xnr/awesome-bigdata#readme,Big Data
Big Data,Public Datasets,https://github.com/awesomedata/awesome-public-datasets#readme,Public Datasets
Big Data,Hadoop,https://github.com/youngwookim/awesome-hadoop#readme,Framework for distributed storage and processing of very large data sets.
Big Data,Data Engineering,https://github.com/igorbarinov/awesome-data-engineering#readme,Data Engineering
Big Data,Streaming,https://github.com/manuzhang/awesome-streaming#readme,Streaming
Big Data,Apache Spark,https://github.com/awesome-spark/awesome-spark#readme,Unified engine for large-scale data processing.
Big Data,Qlik,https://github.com/ambster-public/awesome-qlik#readme,"Business intelligence platform for data visualization, analytics, and reporting apps."
Big Data,Splunk,https://github.com/sduff/awesome-splunk#readme,"Platform for searching, monitoring, and analyzing structured and unstructured machine-generated big data in real-time."
Theory,Papers We Love,https://github.com/papers-we-love/papers-we-love#readme,Papers We Love
Theory,Talks,https://github.com/JanVanRyswyck/awesome-talks#readme,Talks
Theory,Algorithms,https://github.com/tayllan/awesome-algorithms#readme,Algorithms
Theory,Algorithm Visualizations,https://github.com/enjalot/algovis#readme,Algorithm Visualizations
Theory,Artificial Intelligence,https://github.com/owainlewis/awesome-artificial-intelligence#readme,Artificial Intelligence
Theory,Search Engine Optimization,https://github.com/marcobiedermann/search-engine-optimization#readme,Search Engine Optimization
Theory,Competitive Programming,https://github.com/lnishan/awesome-competitive-programming#readme,Competitive Programming
Theory,Math,https://github.com/rossant/awesome-math#readme,Math
Theory,Recursion Schemes,https://github.com/passy/awesome-recursion-schemes#readme,Traversing nested data structures.
Theory,Audit Algorithms,https://github.com/erwanlemerrer/awesome-audit-algorithms#readme,Algorithmic audits of algorithms.
Theory,AGI & CoCoSci,https://github.com/YuzheSHI/awesome-agi-cocosci#readme,The reciprocation of Artificial General Intelligence (AGI) and Computational Cognitive Sciences (CoCoSci).
Theory,Complex Systems,https://github.com/sellisd/awesome-complexity#readme,The scientific field studying systems with multiple interacting parts and emergent properties.
Books,Free Programming Books,https://github.com/EbookFoundation/free-programming-books#readme,Free Programming Books
Books,Go Books,https://github.com/dariubs/GoBooks#readme,Go Books
Books,R Books,https://github.com/RomanTsegelskyi/rbooks#readme,R Books
Books,Mind Expanding Books,https://github.com/hackerkid/Mind-Expanding-Books#readme,Mind Expanding Books
Books,Book Authoring,https://github.com/TalAter/awesome-book-authoring#readme,Book Authoring
Books,Elixir Books,https://github.com/sger/ElixirBooks#readme,Elixir Books
Editors,Sublime Text,https://github.com/dreikanter/sublime-bookmarks#readme,Sublime Text
Editors,Vim,https://github.com/mhinz/vim-galore#readme,Vim
Editors,Neovim,https://github.com/rockerBOO/awesome-neovim#readme,Vim-fork focused on extensibility and usability.
Editors,Emacs,https://github.com/emacs-tw/awesome-emacs#readme,Emacs
Editors,Atom,https://github.com/mehcode/awesome-atom#readme,Open-source and hackable text editor.
Editors,Visual Studio Code,https://github.com/viatsko/awesome-vscode#readme,Cross-platform open-source text editor.
Gaming,Game Development,https://github.com/ellisonleao/magictools#readme,Game Development
Gaming,Game Talks,https://github.com/hzoo/awesome-gametalks#readme,Game Talks
Gaming,Godot,https://github.com/godotengine/awesome-godot#readme,Game engine.
Gaming,Open Source Games,https://github.com/michelpereira/awesome-open-source-games#readme,Open Source Games
Gaming,Unity,https://github.com/RyanNielson/awesome-unity#readme,Game engine.
Gaming,Chess,https://github.com/hkirat/awesome-chess#readme,Chess
Gaming,LÖVE,https://github.com/love2d-community/awesome-love2d#readme,Game engine.
Gaming,PICO-8,https://github.com/pico-8/awesome-PICO-8#readme,Fantasy console.
Gaming,Game Boy Development,https://github.com/gbdev/awesome-gbdev#readme,Game Boy Development
Gaming,Construct 2,https://github.com/ConstructCommunity/awesome-construct#readme,Game engine.
Gaming,Gideros,https://github.com/stetso/awesome-gideros#readme,Game engine.
Gaming,Minecraft,https://github.com/bs-community/awesome-minecraft#readme,Sandbox video game.
Gaming,ComputerCraft,https://github.com/tomodachi94/awesome-computercraft#readme,Minecraft mod that adds programmable computers.
Gaming,Game Datasets,https://github.com/leomaurodesenv/game-datasets#readme,Materials and datasets for Artificial Intelligence in games.
Gaming,Haxe Game Development,https://github.com/Dvergar/awesome-haxe-gamedev#readme,A high-level strongly typed programming language used to produce cross-platform native code.
Gaming,libGDX,https://github.com/rafaskb/awesome-libgdx#readme,Java game framework.
Gaming,PlayCanvas,https://github.com/playcanvas/awesome-playcanvas#readme,Game engine.
Gaming,Game Remakes,https://github.com/radek-sprta/awesome-game-remakes#readme,Actively maintained open-source game remakes.
Gaming,Flame,https://github.com/flame-engine/awesome-flame#readme,Game engine for Flutter.
Gaming,Discord Communities,https://github.com/mhxion/awesome-discord-communities#readme,Chat with friends and communities.
Gaming,CHIP-8,https://github.com/tobiasvl/awesome-chip-8#readme,Virtual computer game machine from the 70s.
Gaming,Games of Coding,https://github.com/michelpereira/awesome-games-of-coding#readme,Learn a programming language by making games.
Gaming,Esports,https://github.com/strift/awesome-esports#readme,Video games played as a sport.
Gaming,Learn Gamedev,https://github.com/notpresident35/awesome-learn-gamedev#readme,The craft of video game creation.
Gaming,Game Engine Development,https://github.com/stevinz/awesome-game-engine-dev#readme,Building software to speed up game creation.
Gaming,GameMaker,https://github.com/bytecauldron/awesome-gamemaker#readme,Game engine.
Gaming,Game Production,https://github.com/vhladiienko/awesome-game-production#readme,"Leading the process of designing, developing, testing and distributing a video game from concept to release."
Development Environment,Quick Look Plugins,https://github.com/sindresorhus/quick-look-plugins#readme,For macOS.
Development Environment,Dev Env,https://github.com/jondot/awesome-devenv#readme,Dev Env
Development Environment,Dotfiles,https://github.com/webpro/awesome-dotfiles#readme,Dotfiles
Development Environment,Shell,https://github.com/alebcay/awesome-shell#readme,Shell
Development Environment,Fish,https://github.com/jorgebucaran/awsm.fish#readme,User-friendly shell.
Development Environment,Command-Line Apps,https://github.com/agarrharr/awesome-cli-apps#readme,Command-Line Apps
Development Environment,ZSH Plugins,https://github.com/unixorn/awesome-zsh-plugins#readme,ZSH Plugins
Development Environment,GitHub,https://github.com/phillipadsmith/awesome-github#readme,Hosting service for Git repositories.
Development Environment,Git Cheat Sheet & Git Flow,https://github.com/arslanbilal/git-cheat-sheet#readme,Git Cheat Sheet & Git Flow
Development Environment,Git Tips,https://github.com/git-tips/tips#readme,Git Tips
Development Environment,Git Add-ons,https://github.com/stevemao/awesome-git-addons#readme,Enhance the `git` CLI.
Development Environment,Git Hooks,https://github.com/compscilauren/awesome-git-hooks#readme,Scripts for automating tasks during `git` workflows.
Development Environment,SSH,https://github.com/moul/awesome-ssh#readme,SSH
Development Environment,FOSS for Developers,https://github.com/tvvocold/FOSS-for-Dev#readme,FOSS for Developers
Development Environment,Hyper,https://github.com/bnb/awesome-hyper#readme,Cross-platform terminal app built on web technologies.
Development Environment,PowerShell,https://github.com/janikvonrotz/awesome-powershell#readme,Cross-platform object-oriented shell.
Development Environment,Alfred Workflows,https://github.com/alfred-workflows/awesome-alfred-workflows#readme,Productivity app for macOS.
Development Environment,Terminals Are Sexy,https://github.com/k4m4/terminals-are-sexy#readme,Terminals Are Sexy
Development Environment,GitHub Actions,https://github.com/sdras/awesome-actions#readme,Create tasks to automate your workflow and share them with others on GitHub.
Entertainment,Science Fiction,https://github.com/sindresorhus/awesome-scifi#readme,Scifi.
Entertainment,Fantasy,https://github.com/RichardLitt/awesome-fantasy#readme,Fantasy
Entertainment,Podcasts,https://github.com/ayr-ton/awesome-geek-podcasts#readme,Podcasts
Entertainment,Email Newsletters,https://github.com/zudochkin/awesome-newsletters#readme,Email Newsletters
Entertainment,IT Quotes,https://github.com/victorlaerte/awesome-it-quotes#readme,IT Quotes
Databases,Database,https://github.com/numetriclabz/awesome-db#readme,Database
Databases,MySQL,https://github.com/shlomi-noach/awesome-mysql#readme,MySQL
Databases,SQLAlchemy,https://github.com/dahlia/awesome-sqlalchemy#readme,SQLAlchemy
Databases,InfluxDB,https://github.com/mark-rushakoff/awesome-influxdb#readme,InfluxDB
Databases,Neo4j,https://github.com/neueda/awesome-neo4j#readme,Neo4j
Databases,MongoDB,https://github.com/ramnes/awesome-mongodb#readme,NoSQL database.
Databases,RethinkDB,https://github.com/d3viant0ne/awesome-rethinkdb#readme,RethinkDB
Databases,TinkerPop,https://github.com/mohataher/awesome-tinkerpop#readme,Graph computing framework.
Databases,PostgreSQL,https://github.com/dhamaniasad/awesome-postgres#readme,Object-relational database.
Databases,CouchDB,https://github.com/quangv/awesome-couchdb#readme,Document-oriented NoSQL database.
Databases,HBase,https://github.com/rayokota/awesome-hbase#readme,"Distributed, scalable, big data store."
Databases,NoSQL Guides,https://github.com/erictleung/awesome-nosql-guides#readme,"Help on using non-relational, distributed, open-source, and horizontally scalable databases."
Databases,Database Tools,https://github.com/mgramin/awesome-db-tools#readme,Everything that makes working with databases easier.
Databases,TypeDB,https://github.com/vaticle/typedb-awesome#readme,Logical database to organize large and complex networks of data as one body of knowledge.
Databases,Cassandra,https://github.com/Anant/awesome-cassandra#readme,"Open-source, distributed, wide column store, NoSQL database management system."
Databases,TDengine,https://github.com/taosdata/awesome-tdengine#readme,"An open-source time-series database with high-performance, scalability, and SQL support."
Databases,Supabase,https://github.com/lyqht/awesome-supabase#readme,An open-source alternative to Firebase.
Media,Creative Commons Media,https://github.com/shime/creative-commons-media#readme,Creative Commons Media
Media,Fonts,https://github.com/brabadu/awesome-fonts#readme,Fonts
Media,Codeface,https://github.com/chrissimpkins/codeface#readme,Text editor fonts.
Media,Stock Resources,https://github.com/neutraltone/awesome-stock-resources#readme,Stock Resources
Media,GIF,https://github.com/davisonio/awesome-gif#readme,Image format known for animated images.
Media,Music,https://github.com/ciconia/awesome-music#readme,Music
Media,Open Source Documents,https://github.com/44bits/awesome-opensource-documents#readme,Open Source Documents
Media,Audio Visualization,https://github.com/willianjusten/awesome-audio-visualization#readme,Audio Visualization
Media,Broadcasting,https://github.com/ebu/awesome-broadcasting#readme,Broadcasting
Media,Pixel Art,https://github.com/Siilwyn/awesome-pixel-art#readme,Pixel-level digital art.
Media,FFmpeg,https://github.com/transitive-bullshit/awesome-ffmpeg#readme,"Cross-platform solution to record, convert and stream audio and video."
Media,Icons,https://github.com/notlmn/awesome-icons#readme,Downloadable SVG/PNG/font icon projects.
Media,Audiovisual,https://github.com/stingalleman/awesome-audiovisual#readme,"Lighting, audio and video in professional environments."
Media,VLC,https://github.com/mfkl/awesome-vlc#readme,Cross-platform media player software and streaming server.
Learn,CLI Workshoppers,https://github.com/therebelrobot/awesome-workshopper#readme,Interactive tutorials.
Learn,Learn to Program,https://github.com/karlhorky/learn-to-program#readme,Learn to Program
Learn,Speaking,https://github.com/matteofigus/awesome-speaking#readme,Speaking
Learn,Tech Videos,https://github.com/lucasviola/awesome-tech-videos#readme,Tech Videos
Learn,Dive into Machine Learning,https://github.com/hangtwenty/dive-into-machine-learning#readme,Dive into Machine Learning
Learn,Computer History,https://github.com/watson/awesome-computer-history#readme,Computer History
Learn,Programming for Kids,https://github.com/HollyAdele/awesome-programming-for-kids#readme,Programming for Kids
Learn,STEAM,https://github.com/RahulBirCodes/awesome-steam#readme,"Supplements for specific science, technology, engineering, arts, and math (STEAM) courses across all grade levels."
Learn,Educational Games,https://github.com/yrgo/awesome-educational-games#readme,Learn while playing.
Learn,JavaScript Learning,https://github.com/micromata/awesome-javascript-learning#readme,JavaScript Learning
Learn,CSS Learning,https://github.com/micromata/awesome-css-learning#readme,Mainly about CSS – the language and the modules.
Learn,Product Management,https://github.com/dend/awesome-product-management#readme,Learn how to be a better product manager.
Learn,Roadmaps,https://github.com/liuchong/awesome-roadmaps#readme,Gives you a clear route to improve your knowledge and skills.
Learn,YouTubers,https://github.com/JoseDeFreitas/awesome-youtubers#readme,Watch video tutorials from YouTubers that teach you about technology.
Learn,Hackathon,https://github.com/dribdat/awesome-hackathon#readme,Running fun and productive hackathons.
Learn,Certificates,https://github.com/PanXProject/awesome-certificates#readme,Free computer science certifications to showcase your knowledge.
Security,Application Security,https://github.com/paragonie/awesome-appsec#readme,Application Security
Security,Security,https://github.com/sbilly/awesome-security#readme,Security
Security,CTF,https://github.com/apsdehal/awesome-ctf#readme,Capture The Flag.
Security,Cyber Security University,https://github.com/brootware/awesome-cyber-security-university#readme,Free educational resources that focus on learning by doing.
Security,Malware Analysis,https://github.com/rshipp/awesome-malware-analysis#readme,Malware Analysis
Security,Android Security,https://github.com/ashishb/android-security-awesome#readme,Android Security
Security,Hacking,https://github.com/carpedm20/awesome-hacking#readme,Hacking
Security,Hacking Spots,https://github.com/daviddias/awesome-hacking-locations#readme,Hacking Spots
Security,Honeypots,https://github.com/paralax/awesome-honeypots#readme,"Deception trap, designed to entice an attacker into attempting to compromise the information systems in an organization."
Security,Incident Response,https://github.com/meirwah/awesome-incident-response#readme,Incident Response
Security,Vehicle Security and Car Hacking,https://github.com/jaredthecoder/awesome-vehicle-security#readme,Vehicle Security and Car Hacking
Security,Web Security,https://github.com/qazbnm456/awesome-web-security#readme,Security of web apps & services.
Security,Lockpicking,https://github.com/fabacab/awesome-lockpicking#readme,The art of unlocking a lock by manipulating its components without the key.
Security,Cybersecurity Blue Team,https://github.com/fabacab/awesome-cybersecurity-blueteam#readme,Groups of individuals who identify security flaws in information technology systems.
Security,Fuzzing,https://github.com/cpuu/awesome-fuzzing#readme,Automated software testing technique that involves feeding pseudo-randomly generated input data.
Security,Embedded and IoT Security,https://github.com/fkie-cad/awesome-embedded-and-iot-security#readme,Embedded and IoT Security
Security,GDPR,https://github.com/bakke92/awesome-gdpr#readme,Regulation on data protection and privacy for all individuals within EU.
Security,DevSecOps,https://github.com/TaptuIT/awesome-devsecops#readme,Integration of security practices into [DevOps](https://en.wikipedia.org/wiki/DevOps).
Security,Executable Packing,https://github.com/dhondta/awesome-executable-packing#readme,Packing and unpacking executable formats.
Security,Malware Persistence,https://github.com/Karneades/awesome-malware-persistence#readme,Techniques that adversaries use to keep access to systems across restarts.
Security,EVM Security,https://github.com/kareniel/awesome-evm-security#readme,Understanding the Ethereum Virtual Machine security ecosystem.
Security,Password Cracking,https://github.com/n0kovo/awesome-password-cracking#readme,The process of recovering passwords from data that has been stored in or transmitted by a system in scrambled form.
Security,Security Card Games,https://github.com/Karneades/awesome-security-card-games#readme,Train your skills and discuss various security topics.
Security,Suricata,https://github.com/satta/awesome-suricata#readme,Intrusion detection/prevention system and network security monitoring engine.
Security,Prompt Injection,https://github.com/FonduAI/awesome-prompt-injection#readme,A type of vulnerability that specifically targets machine learning models.
Content Management Systems,Umbraco,https://github.com/umbraco-community/awesome-umbraco#readme,Umbraco
Content Management Systems,Refinery CMS,https://github.com/refinerycms-contrib/awesome-refinerycms#readme,Ruby on Rails CMS.
Content Management Systems,Wagtail,https://github.com/springload/awesome-wagtail#readme,Django CMS focused on flexibility and user experience.
Content Management Systems,Textpattern,https://github.com/drmonkeyninja/awesome-textpattern#readme,Lightweight PHP-based CMS.
Content Management Systems,Drupal,https://github.com/nirgn975/awesome-drupal#readme,Extensible PHP-based CMS.
Content Management Systems,Craft CMS,https://github.com/craftcms/awesome#readme,Content-first CMS.
Content Management Systems,Sitecore,https://github.com/MartinMiles/Awesome-Sitecore#readme,.NET digital marketing platform that combines CMS with tools for managing multiple websites.
Content Management Systems,Silverstripe CMS,https://github.com/wernerkrauss/awesome-silverstripe-cms#readme,PHP MVC framework that serves as a classic or headless CMS.
Content Management Systems,Directus,https://github.com/directus-community/awesome-directus#readme,A real-time API and app dashboard for managing SQL database content.
Content Management Systems,Plone,https://github.com/collective/awesome-plone#readme,Open source Python CMS.
Hardware,Robotics,https://github.com/Kiloreux/awesome-robotics#readme,Robotics
Hardware,Internet of Things,https://github.com/HQarroum/awesome-iot#readme,Internet of Things
Hardware,Electronics,https://github.com/kitspace/awesome-electronics#readme,For electronic engineers and hobbyists.
Hardware,Bluetooth Beacons,https://github.com/rabschi/awesome-beacon#readme,Bluetooth Beacons
Hardware,Electric Guitar Specifications,https://github.com/gitfrage/guitarspecs#readme,Checklist for building your own electric guitar.
Hardware,Plotters,https://github.com/beardicus/awesome-plotters#readme,Computer-controlled drawing machines and other visual art robots.
Hardware,Robotic Tooling,https://github.com/protontypes/awesome-robotic-tooling#readme,Free and open tools for professional robotic development.
Hardware,LIDAR,https://github.com/szenergy/awesome-lidar#readme,Sensor for measuring distances by illuminating the target with laser light.
Hardware,Open Hardware,https://github.com/delftopenhardware/awesome-open-hardware#readme,Open-source hardware projects.
Hardware,ADS-B,https://github.com/rickstaa/awesome-adsb#readme,"Technology broadcasting aircraft's identity, position, and data periodically."
Hardware,Flying FPV,https://github.com/Matthias84/awesome-flying-fpv#readme,Open hardware and software related to drones / UAVs.
Business,Open Companies,https://github.com/opencompany/awesome-open-company#readme,Open Companies
Business,Places to Post Your Startup,https://github.com/mmccaff/PlacesToPostYourStartup#readme,Places to Post Your Startup
Business,OKR Methodology,https://github.com/domenicosolazzo/awesome-okr#readme,Goal setting & communication best practices.
Business,Leading and Managing,https://github.com/LappleApple/awesome-leading-and-managing#readme,Leading people and being a manager in a technology company/environment.
Business,Indie,https://github.com/mezod/awesome-indie#readme,Independent developer businesses.
Business,Tools of the Trade,https://github.com/cjbarber/ToolsOfTheTrade#readme,Tools used by companies on Hacker News.
Business,Clean Tech,https://github.com/nglgzz/awesome-clean-tech#readme,Fighting climate change with technology.
Business,Wardley Maps,https://github.com/wardley-maps-community/awesome-wardley-maps#readme,Provides high situational awareness to help improve strategic planning and decision making.
Business,Social Enterprise,https://github.com/RayBB/awesome-social-enterprise#readme,Building an organization primarily focused on social impact that is at least partially self-funded.
Business,Engineering Team Management,https://github.com/kdeldycke/awesome-engineering-team-management#readme,How to transition from software development to engineering management.
Business,Developer-First Products,https://github.com/agamm/awesome-developer-first#readme,Products that target developers as the user.
Business,Billing,https://github.com/kdeldycke/awesome-billing#readme,"Payments, invoicing, pricing, accounting, marketplace, fraud, and business intelligence."
Business,Engineering Strategy,https://github.com/aleixmorgadas/awesome-engineering-strategy#readme,How to design and execute engineering strategies for tech leadership.
Work,Slack,https://github.com/matiassingers/awesome-slack#readme,Team collaboration.
Work,Remote Jobs,https://github.com/lukasz-madon/awesome-remote-job#readme,Remote Jobs
Work,Productivity,https://github.com/jyguyomarch/awesome-productivity#readme,Productivity
Work,Niche Job Boards,https://github.com/tramcar/awesome-job-boards#readme,Niche Job Boards
Work,Programming Interviews,https://github.com/DopplerHQ/awesome-interview-questions#readme,Programming Interviews
Work,Code Review,https://github.com/joho/awesome-code-review#readme,Reviewing code.
Work,Creative Technology,https://github.com/j0hnm4r5/awesome-creative-technology#readme,"Businesses & groups that specialize in combining computing, design, art, and user experience."
Work,Internships,https://github.com/lodthe/awesome-internships#readme,CV writing guides and companies that hire interns.
Networking,Software-Defined Networking,https://github.com/sdnds-tw/awesome-sdn#readme,Software-Defined Networking
Networking,Network Analysis,https://github.com/briatte/awesome-network-analysis#readme,Network Analysis
Networking,PCAPTools,https://github.com/caesar0301/awesome-pcaptools#readme,PCAPTools
Networking,Real-Time Communications,https://github.com/rtckit/awesome-rtc#readme,Network protocols for near simultaneous exchange of media and data.
Networking,SNMP,https://github.com/eozer/awesome-snmp#readme,"A protocol for collecting, modifying, and organizing information about managed devices on IP networks."
Networking,Scapy,https://github.com/secdev/awesome-scapy#readme,Python-based interactive packet manipulation.
Decentralized Systems,Bitcoin,https://github.com/igorbarinov/awesome-bitcoin#readme,Bitcoin services and tools for software developers.
Decentralized Systems,Ripple,https://github.com/vhpoet/awesome-ripple#readme,Open source distributed settlement network.
Decentralized Systems,Non-Financial Blockchain,https://github.com/machinomy/awesome-non-financial-blockchain#readme,Non-financial blockchain applications.
Decentralized Systems,Mastodon,https://github.com/hyperupcall/awesome-mastodon#readme,Open source decentralized microblogging network.
Decentralized Systems,Ethereum,https://github.com/ttumiel/Awesome-Ethereum#readme,Distributed computing platform for smart contract development.
Decentralized Systems,Blockchain AI,https://github.com/steven2358/awesome-blockchain-ai#readme,Blockchain projects for artificial intelligence and machine learning.
Decentralized Systems,EOSIO,https://github.com/DanailMinchev/awesome-eosio#readme,A decentralized operating system supporting industrial-scale apps.
Decentralized Systems,Corda,https://github.com/chainstack/awesome-corda#readme,Open source blockchain platform designed for business.
Decentralized Systems,Waves,https://github.com/msmolyakov/awesome-waves#readme,Open source blockchain platform and development toolset for Web 3.0 apps and decentralized solutions.
Decentralized Systems,Substrate,https://github.com/substrate-developer-hub/awesome-substrate#readme,"Framework for writing scalable, upgradeable blockchains in Rust."
Decentralized Systems,Golem,https://github.com/golemfactory/awesome-golem#readme,Open source peer-to-peer marketplace for computing resources.
Decentralized Systems,Stacks,https://github.com/friedger/awesome-stacks-chain#readme,A smart contract platform secured by Bitcoin.
Decentralized Systems,Algorand,https://github.com/aorumbayev/awesome-algorand#readme,"An open-source, proof of stake blockchain and smart contract computing platform."
Decentralized Systems,ZeroNet,https://github.com/zolagonano/awesome-zeronet#readme,A decentralized web-like network of peer-to-peer users.
Decentralized Systems,Cosmos SDK,https://github.com/cosmos/awesome-cosmos#readme,Modular framework for building app-specific blockchains in Go.
Health and Social Science,Biomedical Information Extraction,https://github.com/caufieldjh/awesome-bioie#readme,How to extract information from unstructured biomedical data and text.
Health and Social Science,Computational Neuroscience,https://github.com/eselkin/awesome-computational-neuroscience#readme,A multidisciplinary science which uses computational approaches to study the nervous system.
Health and Social Science,Diversity,https://github.com/folkswhocode/awesome-diversity#readme,Creating a more inclusive and diverse tech community.
Health and Social Science,Digital History,https://github.com/maehr/awesome-digital-history#readme,Computer-aided scientific investigation of history.
Health and Social Science,Empathy in Engineering,https://github.com/KimberlyMunoz/empathy-in-engineering#readme,Building and promoting more compassionate engineering cultures.
Health and Social Science,Healthcare,https://github.com/kakoni/awesome-healthcare#readme,"Open source healthcare software for facilities, providers, developers, policy experts, and researchers."
Health and Social Science,Humane Technology,https://github.com/humanetech-community/awesome-humane-tech#readme,Open source projects that help improve society.
Health and Social Science,Mental Health,https://github.com/dreamingechoes/awesome-mental-health#readme,Mental health awareness and self-care in the software industry.
Health and Social Science,Neuroscience,https://github.com/analyticalmonk/awesome-neuroscience#readme,Study of the nervous system and brain.
Health and Social Science,Digital Humanities,https://github.com/dh-tech/awesome-digital-humanities#readme,Software for humanities scholars using quantitative or computational methods.
Events,Creative Tech Events,https://github.com/danvoyce/awesome-creative-tech-events#readme,"Events around the globe for creative coding, tech, design, music, arts and cool stuff."
Events,Events in Italy,https://github.com/ildoc/awesome-italy-events#readme,Tech-related events in Italy.
Events,Events in the Netherlands,https://github.com/awkward/awesome-netherlands-events#readme,Tech-related events in the Netherlands.
Testing,Testing,https://github.com/TheJambo/awesome-testing#readme,Software testing.
Testing,Visual Regression Testing,https://github.com/mojoaxel/awesome-regression-testing#readme,Ensures changes did not break the functionality or style.
Testing,Selenium,https://github.com/christian-bromann/awesome-selenium#readme,Open-source browser automation framework and ecosystem.
Testing,Appium,https://github.com/SrinivasanTarget/awesome-appium#readme,Test automation tool for apps.
Testing,TAP,https://github.com/sindresorhus/awesome-tap#readme,Test Anything Protocol.
Testing,JMeter,https://github.com/aliesbelik/awesome-jmeter#readme,Load testing and performance measurement tool.
Testing,k6,https://github.com/grafana/awesome-k6#readme,"Open-source, developer-centric performance monitoring and load testing solution."
Testing,Playwright,https://github.com/mxschmitt/awesome-playwright#readme,"Node.js library to automate Chromium, Firefox and WebKit with a single API."
Testing,Quality Assurance Roadmap,https://github.com/fityanos/awesome-quality-assurance-roadmap#readme,How to start & build a career in software testing.
Testing,Gatling,https://github.com/aliesbelik/awesome-gatling#readme,"Open-source load and performance testing framework based on Scala, Akka, and Netty."
Miscellaneous,Scientific Writing,https://github.com/writing-resources/awesome-scientific-writing#readme,"Distraction-free scientific writing with Markdown, reStructuredText and Jupyter notebooks."
Miscellaneous,JSON,https://github.com/burningtree/awesome-json#readme,Text based data interchange format.
Miscellaneous,CSV,https://github.com/secretGeek/awesomeCSV#readme,A text file format that stores tabular data and uses a comma to separate values.
Miscellaneous,Discounts for Student Developers,https://github.com/AchoArnold/discount-for-student-dev#readme,Discounts for Student Developers
Miscellaneous,Radio,https://github.com/kyleterry/awesome-radio#readme,Radio
Miscellaneous,Awesome,https://github.com/sindresorhus/awesome#readme,Recursion illustrated.
Miscellaneous,Analytics,https://github.com/0xnr/awesome-analytics#readme,Analytics
Miscellaneous,REST,https://github.com/marmelab/awesome-rest#readme,REST
Miscellaneous,Continuous Integration and Continuous Delivery,https://github.com/cicdops/awesome-ciandcd#readme,Continuous Integration and Continuous Delivery
Miscellaneous,Services Engineering,https://github.com/mmcgrana/services-engineering#readme,Services Engineering
Miscellaneous,Free for Developers,https://github.com/ripienaar/free-for-dev#readme,Free for Developers
Miscellaneous,Answers,https://github.com/cyberglot/awesome-answers#readme,"Stack Overflow, Quora, etc."
Miscellaneous,Sketch,https://github.com/diessica/awesome-sketch#readme,Design app for macOS.
Miscellaneous,Boilerplate Projects,https://github.com/melvin0008/awesome-projects-boilerplates#readme,Boilerplate Projects
Miscellaneous,Readme,https://github.com/matiassingers/awesome-readme#readme,Readme
Miscellaneous,GitHub Wiki,https://github.com/MyHoneyBadger/awesome-github-wiki#readme,Comprehensive documentation on GitHub beyond README.
Miscellaneous,Design and Development Guides,https://github.com/NARKOZ/guides#readme,Design and Development Guides
Miscellaneous,Software Engineering Blogs,https://github.com/kilimchoi/engineering-blogs#readme,Software Engineering Blogs
Miscellaneous,Self Hosted,https://github.com/awesome-selfhosted/awesome-selfhosted#readme,Self Hosted
Miscellaneous,FOSS Production Apps,https://github.com/DataDaoDe/awesome-foss-apps#readme,FOSS Production Apps
Miscellaneous,Gulp,https://github.com/alferov/awesome-gulp#readme,Task runner.
Miscellaneous,AMA,https://github.com/sindresorhus/amas#readme,Ask Me Anything.
Miscellaneous,Open Source Photography,https://github.com/ibaaj/awesome-OpenSourcePhotography#readme,Open Source Photography
Miscellaneous,OpenGL,https://github.com/eug/awesome-opengl#readme,Cross-platform API for rendering 2D and 3D graphics.
Miscellaneous,GraphQL,https://github.com/chentsulin/awesome-graphql#readme,GraphQL
Miscellaneous,Urban & Regional Planning,https://github.com/APA-Technology-Division/urban-and-regional-planning-resources#readme,Concerning the built environment and communities.
Miscellaneous,Transit,https://github.com/CUTR-at-USF/awesome-transit#readme,Transit
Miscellaneous,Research Tools,https://github.com/emptymalei/awesome-research#readme,Research Tools
Miscellaneous,Data Visualization,https://github.com/javierluraschi/awesome-dataviz#readme,Data Visualization
Miscellaneous,Microservices,https://github.com/mfornos/awesome-microservices#readme,Microservices
Miscellaneous,Unicode,https://github.com/jagracey/Awesome-Unicode#readme,"Unicode standards, quirks, packages and resources."
Miscellaneous,Beginner-Friendly Projects,https://github.com/MunGell/awesome-for-beginners#readme,Beginner-Friendly Projects
Miscellaneous,Katas,https://github.com/gamontal/awesome-katas#readme,Katas
Miscellaneous,Tools for Activism,https://github.com/drewrwilson/toolsforactivism#readme,Tools for Activism
Miscellaneous,Citizen Science,https://github.com/dylanrees/citizen-science#readme,For community-based and non-institutional scientists.
Miscellaneous,MQTT,https://github.com/hobbyquaker/awesome-mqtt#readme,"""Internet of Things"" connectivity protocol."
Miscellaneous,For Girls,https://github.com/cristianoliveira/awesome4girls#readme,For Girls
Miscellaneous,Vorpal,https://github.com/vorpaljs/awesome-vorpal#readme,Node.js CLI framework.
Miscellaneous,Vulkan,https://github.com/vinjn/awesome-vulkan#readme,"Low-overhead, cross-platform 3D graphics and compute API."
Miscellaneous,LaTeX,https://github.com/egeerardyn/awesome-LaTeX#readme,Typesetting language.
Miscellaneous,Economics,https://github.com/antontarasenko/awesome-economics#readme,An economist's starter kit.
Miscellaneous,Funny Markov Chains,https://github.com/sublimino/awesome-funny-markov#readme,Funny Markov Chains
Miscellaneous,Bioinformatics,https://github.com/danielecook/Awesome-Bioinformatics#readme,Bioinformatics
Miscellaneous,Cheminformatics,https://github.com/hsiaoyi0504/awesome-cheminformatics#readme,Informatics techniques applied to problems in chemistry.
Miscellaneous,Colorful,https://github.com/Siddharth11/Colorful#readme,Choose your next color scheme.
Miscellaneous,Steam,https://github.com/scholtzm/awesome-steam#readme,Digital distribution platform.
Miscellaneous,Bots,https://github.com/hackerkid/bots#readme,Building bots.
Miscellaneous,Site Reliability Engineering,https://github.com/dastergon/awesome-sre#readme,Site Reliability Engineering
Miscellaneous,DTrace,https://github.com/xen0l/awesome-dtrace#readme,Dynamic tracing framework.
Miscellaneous,Userscripts,https://github.com/bvolpato/awesome-userscripts#readme,Enhance your browsing experience.
Miscellaneous,Pokémon,https://github.com/tobiasbueschel/awesome-pokemon#readme,Pokémon and Pokémon GO.
Miscellaneous,ChatOps,https://github.com/exAspArk/awesome-chatops#readme,Managing technical and business operations through a chat.
Miscellaneous,Falsehood,https://github.com/kdeldycke/awesome-falsehood#readme,Falsehoods programmers believe in.
Miscellaneous,Domain-Driven Design,https://github.com/heynickc/awesome-ddd#readme,Software development approach for complex needs by connecting the implementation to an evolving model.
Miscellaneous,Quantified Self,https://github.com/woop/awesome-quantified-self#readme,Self-tracking through technology.
Miscellaneous,SaltStack,https://github.com/hbokh/awesome-saltstack#readme,Python-based config management system.
Miscellaneous,Web Design,https://github.com/nicolesaidy/awesome-web-design#readme,For digital designers.
Miscellaneous,Creative Coding,https://github.com/terkelg/awesome-creative-coding#readme,Programming something expressive instead of something functional.
Miscellaneous,No-Login Web Apps,https://github.com/aviaryan/awesome-no-login-web-apps#readme,Web apps that work without login.
Miscellaneous,Free Software,https://github.com/johnjago/awesome-free-software#readme,Free as in freedom.
Miscellaneous,Framer,https://github.com/podo/awesome-framer#readme,Prototyping interactive UI designs.
Miscellaneous,Markdown,https://github.com/BubuAnabelas/awesome-markdown#readme,Markup language.
Miscellaneous,Dev Fun,https://github.com/mislavcimpersak/awesome-dev-fun#readme,Funny developer projects.
Miscellaneous,Magento 2,https://github.com/DavidLambauer/awesome-magento2#readme,Open Source eCommerce built with PHP.
Miscellaneous,TikZ,https://github.com/xiaohanyu/awesome-tikz#readme,Graph drawing packages for TeX/LaTeX/ConTeXt.
Miscellaneous,Ad-Free,https://github.com/johnjago/awesome-ad-free#readme,Ad-free alternatives.
Miscellaneous,Prometheus,https://github.com/roaldnefs/awesome-prometheus#readme,Open-source monitoring system.
Miscellaneous,Homematic,https://github.com/homematic-community/awesome-homematic#readme,Smart home devices.
Miscellaneous,Ledger,https://github.com/sfischer13/awesome-ledger#readme,Double-entry accounting on the command-line.
Miscellaneous,Web Monetization,https://github.com/thomasbnt/awesome-web-monetization#readme,A free open web standard service that allows you to send money directly in your browser.
Miscellaneous,Uncopyright,https://github.com/johnjago/awesome-uncopyright#readme,Public domain works.
Miscellaneous,Crypto Currency Tools & Algorithms,https://github.com/Zheaoli/awesome-coins#readme,Digital currency where encryption is used to regulate the generation of units and verify transfers.
Miscellaneous,Open Source Supporters,https://github.com/zachflower/awesome-open-source-supporters#readme,Companies that offer their tools and services for free to open source projects.
Miscellaneous,Design Principles,https://github.com/robinstickel/awesome-design-principles#readme,Create better and more consistent designs and experiences.
Miscellaneous,Theravada,https://github.com/johnjago/awesome-theravada#readme,Teachings from the Theravada Buddhist tradition.
Miscellaneous,inspectIT,https://github.com/inspectit-labs/awesome-inspectit#readme,Open source Java app performance management tool.
Miscellaneous,Open Source Maintainers,https://github.com/nayafia/awesome-maintainers#readme,The experience of being an open source maintainer.
Miscellaneous,Calculators,https://github.com/xxczaki/awesome-calculators#readme,Calculators for every platform.
Miscellaneous,Captcha,https://github.com/ZYSzys/awesome-captcha#readme,A type of challenge–response test used in computing to determine whether or not the user is human.
Miscellaneous,Jupyter,https://github.com/markusschanta/awesome-jupyter#readme,"Create and share documents that contain code, equations, visualizations and narrative text."
Miscellaneous,FIRST Robotics Competition,https://github.com/andrewda/awesome-frc#readme,International high school robotics championship.
Miscellaneous,Speakers,https://github.com/karlhorky/awesome-speakers#readme,Conference and meetup speakers in the programming and design community.
Miscellaneous,Board Games,https://github.com/edm00se/awesome-board-games#readme,Table-top gaming fun for all.
Miscellaneous,Software Patreons,https://github.com/uraimo/awesome-software-patreons#readme,Fund individual programmers or the development of open source projects.
Miscellaneous,Parasite,https://github.com/ecohealthalliance/awesome-parasite#readme,Parasites and host-pathogen interactions.
Miscellaneous,Food,https://github.com/jzarca01/awesome-food#readme,Food-related projects on GitHub.
Miscellaneous,Bitcoin Payment Processors,https://github.com/alexk111/awesome-bitcoin-payment-processors#readme,Start accepting Bitcoin.
Miscellaneous,Scientific Computing,https://github.com/nschloe/awesome-scientific-computing#readme,Solving complex scientific problems using computers.
Miscellaneous,Amazon Sellers,https://github.com/ScaleLeap/awesome-amazon-seller#readme,Amazon Sellers
Miscellaneous,Agriculture,https://github.com/brycejohnston/awesome-agriculture#readme,Open source technology for farming and gardening.
Miscellaneous,Product Design,https://github.com/ttt30ga/awesome-product-design#readme,Design a product from the initial concept to production.
Miscellaneous,Prisma,https://github.com/catalinmiron/awesome-prisma#readme,Turn your database into a GraphQL API.
Miscellaneous,Software Architecture,https://github.com/simskij/awesome-software-architecture#readme,The discipline of designing and building software.
Miscellaneous,Connectivity Data and Reports,https://github.com/stevesong/awesome-connectivity-info#readme,Better understand who has access to telecommunication and internet infrastructure and on what terms.
Miscellaneous,Stacks,https://github.com/stackshareio/awesome-stacks#readme,Tech stacks for building different apps and features.
Miscellaneous,Cytodata,https://github.com/cytodata/awesome-cytodata#readme,Image-based profiling of biological phenotypes for computational biologists.
Miscellaneous,IRC,https://github.com/davisonio/awesome-irc#readme,Open source messaging protocol.
Miscellaneous,Advertising,https://github.com/cenoura/awesome-ads#readme,Advertising and programmatic media for websites.
Miscellaneous,Earth,https://github.com/philsturgeon/awesome-earth#readme,Find ways to resolve the climate crisis.
Miscellaneous,Naming,https://github.com/gruhn/awesome-naming#readme,Naming things in computer science done right.
Miscellaneous,Web Archiving,https://github.com/iipc/awesome-web-archiving#readme,An effort to preserve the Web for future generations.
Miscellaneous,WP-CLI,https://github.com/schlessera/awesome-wp-cli#readme,Command-line interface for WordPress.
Miscellaneous,Credit Modeling,https://github.com/mourarthur/awesome-credit-modeling#readme,Methods for classifying credit applicants into risk classes.
Miscellaneous,Ansible,https://github.com/ansible-community/awesome-ansible#readme,"A Python-based, open source IT configuration management and automation platform."
Miscellaneous,Biological Visualizations,https://github.com/keller-mark/awesome-biological-visualizations#readme,Interactive visualization of biological data on the web.
Miscellaneous,QR Code,https://github.com/make-github-pseudonymous-again/awesome-qr-code#readme,A type of matrix barcode that can be used to store and share a small amount of information.
Miscellaneous,Veganism,https://github.com/sdassow/awesome-veganism#readme,Making the plant-based lifestyle easy and accessible.
Miscellaneous,Translations,https://github.com/mbiesiad/awesome-translations#readme,The transfer of the meaning of a text from one language to another.
Miscellaneous,Scriptable,https://github.com/dersvenhesse/awesome-scriptable#readme,An iOS app for automations in JavaScript.
Miscellaneous,WebXR,https://github.com/msub2/awesome-webxr#readme,Enables immersive virtual reality and augmented reality content on the web.
Miscellaneous,Computational Geometry,https://github.com/atkirtland/awesome-computational-geometry#readme,Computational approaches for problems in geometry.
Miscellaneous,OpenStreetMap,https://github.com/osmlab/awesome-openstreetmap#readme,An open data mapping project utilized by many apps and devices.
Miscellaneous,Computational Biology,https://github.com/inoue0426/awesome-computational-biology#readme,Computational approaches applied to problems in biology.
Miscellaneous,Read the Docs,https://github.com/readthedocs-examples/awesome-read-the-docs#readme,Example documentation projects to inspire and help bootstrap new documentation projects.
Miscellaneous,Quarto,https://github.com/mcanouil/awesome-quarto#readme,Scientific and technical open-source publishing system built on Pandoc.
Miscellaneous,Biological Image Analysis,https://github.com/hallvaaw/awesome-biological-image-analysis#readme,Interpreting biological phenomena using images.
Miscellaneous,ChatGPT,https://github.com/sindresorhus/awesome-chatgpt#readme,Artificial intelligence chatbot developed by OpenAI.
Miscellaneous,Whisper,https://github.com/sindresorhus/awesome-whisper#readme,Open-source AI-powered speech recognition system developed by OpenAI.
Miscellaneous,Steam Deck,https://github.com/airscripts/awesome-steam-deck#readme,A handheld gaming computer developed by Valve.
Miscellaneous,HPC,https://github.com/dstdev/awesome-hpc#readme,High Performance Computing.
Related,All Awesome Lists,https://github.com/topics/awesome,All the Awesome lists on GitHub.
Related,Awesome Search,https://awesomelists.top,Quick search for Awesome lists.
Related,StumbleUponAwesome,https://github.com/basharovV/StumbleUponAwesome,Discover random pages from the Awesome dataset using a browser extension.
Related,Awesome CLI,https://github.com/umutphp/awesome-cli,A simple command-line tool to dive into Awesome lists.
Related,Awesome Viewer,https://awesome.digitalbunker.dev,A visualizer for all of the above Awesome lists.
Related,Track Awesome List,https://www.trackawesomelist.com,View the latest updates of Awesome lists.
Related,Open Source Heroes - Awesome,https://opensource-heroes.com/awesome,"View Awesome lists with extra info like stars, last update, and license."
